device,model,own_test_rows,own_detection_rate,own_false_positive_rate,own_roc_auc,pooled_slice_rows,pooled_detection_rate,pooled_false_positive_rate,pooled_roc_auc
Danmini_Doorbell,kmeans,46060,1.0,0.007920792079207921,0.9995712334983499,46060,0.999875,0.0031353135313531354,0.9999989315181518
Danmini_Doorbell,dbscan,46060,1.0,0.03250825082508251,0.9994393193069306,46060,0.80015,0.0033003300330033004,0.9031263820132013
Danmini_Doorbell,autoencoder,46060,0.80015,0.0014851485148514852,0.9994393399339934,46060,0.800025,0.00033003300330033004,0.9997361303630362
Philips_B120N10_Baby_Monitor,kmeans,64772,0.9998,0.02389794929759406,0.9998507498385274,64772,0.9998,0.025230098498304536,0.9992836902551268
Philips_B120N10_Baby_Monitor,dbscan,64772,1.0,0.037905699983852736,0.9998251493621831,64772,0.800225,0.05776683352171807,0.8001791579202324
Philips_B120N10_Baby_Monitor,autoencoder,64772,0.99985,0.012070079121588891,0.9997629965283386,64772,0.800025,0.011989342806394316,0.9903180021798805
Provision_PT_838_Security_Camera,kmeans,54100,0.999825,0.010638297872340425,0.9999255992907802,54100,0.9998,0.010567375886524823,0.9999307021276596
Provision_PT_838_Security_Camera,dbscan,54100,0.80015,0.02205673758865248,0.9614228067375887,54100,0.80015,0.02595744680851064,0.8036050088652482
Provision_PT_838_Security_Camera,autoencoder,54100,0.800125,0.0028368794326241137,0.9979300053191489,54100,0.7999,0.0006382978723404255,0.9944986294326241
