entry,model,attack_subtype,attack_family,rows,flagged_rows,detection_rate
Danmini_Doorbell,autoencoder,gafgyt.combo,gafgyt,4000,4000,1.0
Danmini_Doorbell,autoencoder,gafgyt.junk,gafgyt,4000,4000,1.0
Danmini_Doorbell,autoencoder,gafgyt.scan,gafgyt,4000,4000,1.0
Danmini_Doorbell,autoencoder,gafgyt.tcp,gafgyt,4000,4,0.001
Danmini_Doorbell,autoencoder,gafgyt.udp,gafgyt,4000,2,0.0005
Danmini_Doorbell,autoencoder,mirai.ack,mirai,4000,4000,1.0
Danmini_Doorbell,autoencoder,mirai.scan,mirai,4000,4000,1.0
Danmini_Doorbell,autoencoder,mirai.syn,mirai,4000,4000,1.0
Danmini_Doorbell,autoencoder,mirai.udp,mirai,4000,4000,1.0
Danmini_Doorbell,autoencoder,mirai.udpplain,mirai,4000,4000,1.0
Danmini_Doorbell,autoencoder,none,none,6060,9,0.0014851485148514852
Danmini_Doorbell,dbscan,gafgyt.combo,gafgyt,4000,4000,1.0
Danmini_Doorbell,dbscan,gafgyt.junk,gafgyt,4000,4000,1.0
Danmini_Doorbell,dbscan,gafgyt.scan,gafgyt,4000,4000,1.0
Danmini_Doorbell,dbscan,gafgyt.tcp,gafgyt,4000,4000,1.0
Danmini_Doorbell,dbscan,gafgyt.udp,gafgyt,4000,4000,1.0
Danmini_Doorbell,dbscan,mirai.ack,mirai,4000,4000,1.0
Danmini_Doorbell,dbscan,mirai.scan,mirai,4000,4000,1.0
Danmini_Doorbell,dbscan,mirai.syn,mirai,4000,4000,1.0
Danmini_Doorbell,dbscan,mirai.udp,mirai,4000,4000,1.0
Danmini_Doorbell,dbscan,mirai.udpplain,mirai,4000,4000,1.0
Danmini_Doorbell,dbscan,none,none,6060,197,0.03250825082508251
Danmini_Doorbell,kmeans,gafgyt.combo,gafgyt,4000,4000,1.0
Danmini_Doorbell,kmeans,gafgyt.junk,gafgyt,4000,4000,1.0
Danmini_Doorbell,kmeans,gafgyt.scan,gafgyt,4000,4000,1.0
Danmini_Doorbell,kmeans,gafgyt.tcp,gafgyt,4000,4000,1.0
Danmini_Doorbell,kmeans,gafgyt.udp,gafgyt,4000,4000,1.0
Danmini_Doorbell,kmeans,mirai.ack,mirai,4000,4000,1.0
Danmini_Doorbell,kmeans,mirai.scan,mirai,4000,4000,1.0
Danmini_Doorbell,kmeans,mirai.syn,mirai,4000,4000,1.0
Danmini_Doorbell,kmeans,mirai.udp,mirai,4000,4000,1.0
Danmini_Doorbell,kmeans,mirai.udpplain,mirai,4000,4000,1.0
Danmini_Doorbell,kmeans,none,none,6060,48,0.007920792079207921
Philips_B120N10_Baby_Monitor,autoencoder,gafgyt.combo,gafgyt,4000,4000,1.0
Philips_B120N10_Baby_Monitor,autoencoder,gafgyt.junk,gafgyt,4000,3999,0.99975
Philips_B120N10_Baby_Monitor,autoencoder,gafgyt.scan,gafgyt,4000,4000,1.0
Philips_B120N10_Baby_Monitor,autoencoder,gafgyt.tcp,gafgyt,4000,3997,0.99925
Philips_B120N10_Baby_Monitor,autoencoder,gafgyt.udp,gafgyt,4000,3998,0.9995
Philips_B120N10_Baby_Monitor,autoencoder,mirai.ack,mirai,4000,4000,1.0
Philips_B120N10_Baby_Monitor,autoencoder,mirai.scan,mirai,4000,4000,1.0
Philips_B120N10_Baby_Monitor,autoencoder,mirai.syn,mirai,4000,4000,1.0
Philips_B120N10_Baby_Monitor,autoencoder,mirai.udp,mirai,4000,4000,1.0
Philips_B120N10_Baby_Monitor,autoencoder,mirai.udpplain,mirai,4000,4000,1.0
Philips_B120N10_Baby_Monitor,autoencoder,none,none,24772,299,0.012070079121588891
Philips_B120N10_Baby_Monitor,dbscan,gafgyt.combo,gafgyt,4000,4000,1.0
Philips_B120N10_Baby_Monitor,dbscan,gafgyt.junk,gafgyt,4000,4000,1.0
Philips_B120N10_Baby_Monitor,dbscan,gafgyt.scan,gafgyt,4000,4000,1.0
Philips_B120N10_Baby_Monitor,dbscan,gafgyt.tcp,gafgyt,4000,4000,1.0
Philips_B120N10_Baby_Monitor,dbscan,gafgyt.udp,gafgyt,4000,4000,1.0
Philips_B120N10_Baby_Monitor,dbscan,mirai.ack,mirai,4000,4000,1.0
Philips_B120N10_Baby_Monitor,dbscan,mirai.scan,mirai,4000,4000,1.0
Philips_B120N10_Baby_Monitor,dbscan,mirai.syn,mirai,4000,4000,1.0
Philips_B120N10_Baby_Monitor,dbscan,mirai.udp,mirai,4000,4000,1.0
Philips_B120N10_Baby_Monitor,dbscan,mirai.udpplain,mirai,4000,4000,1.0
Philips_B120N10_Baby_Monitor,dbscan,none,none,24772,939,0.037905699983852736
Philips_B120N10_Baby_Monitor,kmeans,gafgyt.combo,gafgyt,4000,4000,1.0
Philips_B120N10_Baby_Monitor,kmeans,gafgyt.junk,gafgyt,4000,3999,0.99975
Philips_B120N10_Baby_Monitor,kmeans,gafgyt.scan,gafgyt,4000,4000,1.0
Philips_B120N10_Baby_Monitor,kmeans,gafgyt.tcp,gafgyt,4000,3996,0.999
Philips_B120N10_Baby_Monitor,kmeans,gafgyt.udp,gafgyt,4000,3997,0.99925
Philips_B120N10_Baby_Monitor,kmeans,mirai.ack,mirai,4000,4000,1.0
Philips_B120N10_Baby_Monitor,kmeans,mirai.scan,mirai,4000,4000,1.0
Philips_B120N10_Baby_Monitor,kmeans,mirai.syn,mirai,4000,4000,1.0
Philips_B120N10_Baby_Monitor,kmeans,mirai.udp,mirai,4000,4000,1.0
Philips_B120N10_Baby_Monitor,kmeans,mirai.udpplain,mirai,4000,4000,1.0
Philips_B120N10_Baby_Monitor,kmeans,none,none,24772,592,0.02389794929759406
Provision_PT_838_Security_Camera,autoencoder,gafgyt.combo,gafgyt,4000,4000,1.0
Provision_PT_838_Security_Camera,autoencoder,gafgyt.junk,gafgyt,4000,4000,1.0
Provision_PT_838_Security_Camera,autoencoder,gafgyt.scan,gafgyt,4000,3999,0.99975
Provision_PT_838_Security_Camera,autoencoder,gafgyt.tcp,gafgyt,4000,5,0.00125
Provision_PT_838_Security_Camera,autoencoder,gafgyt.udp,gafgyt,4000,2,0.0005
Provision_PT_838_Security_Camera,autoencoder,mirai.ack,mirai,4000,3999,0.99975
Provision_PT_838_Security_Camera,autoencoder,mirai.scan,mirai,4000,4000,1.0
Provision_PT_838_Security_Camera,autoencoder,mirai.syn,mirai,4000,4000,1.0
Provision_PT_838_Security_Camera,autoencoder,mirai.udp,mirai,4000,4000,1.0
Provision_PT_838_Security_Camera,autoencoder,mirai.udpplain,mirai,4000,4000,1.0
Provision_PT_838_Security_Camera,autoencoder,none,none,14100,40,0.0028368794326241137
Provision_PT_838_Security_Camera,dbscan,gafgyt.combo,gafgyt,4000,4000,1.0
Provision_PT_838_Security_Camera,dbscan,gafgyt.junk,gafgyt,4000,4000,1.0
Provision_PT_838_Security_Camera,dbscan,gafgyt.scan,gafgyt,4000,3999,0.99975
Provision_PT_838_Security_Camera,dbscan,gafgyt.tcp,gafgyt,4000,6,0.0015
Provision_PT_838_Security_Camera,dbscan,gafgyt.udp,gafgyt,4000,2,0.0005
Provision_PT_838_Security_Camera,dbscan,mirai.ack,mirai,4000,3999,0.99975
Provision_PT_838_Security_Camera,dbscan,mirai.scan,mirai,4000,4000,1.0
Provision_PT_838_Security_Camera,dbscan,mirai.syn,mirai,4000,4000,1.0
Provision_PT_838_Security_Camera,dbscan,mirai.udp,mirai,4000,4000,1.0
Provision_PT_838_Security_Camera,dbscan,mirai.udpplain,mirai,4000,4000,1.0
Provision_PT_838_Security_Camera,dbscan,none,none,14100,311,0.02205673758865248
Provision_PT_838_Security_Camera,kmeans,gafgyt.combo,gafgyt,4000,4000,1.0
Provision_PT_838_Security_Camera,kmeans,gafgyt.junk,gafgyt,4000,4000,1.0
Provision_PT_838_Security_Camera,kmeans,gafgyt.scan,gafgyt,4000,4000,1.0
Provision_PT_838_Security_Camera,kmeans,gafgyt.tcp,gafgyt,4000,3995,0.99875
Provision_PT_838_Security_Camera,kmeans,gafgyt.udp,gafgyt,4000,3998,0.9995
Provision_PT_838_Security_Camera,kmeans,mirai.ack,mirai,4000,4000,1.0
Provision_PT_838_Security_Camera,kmeans,mirai.scan,mirai,4000,4000,1.0
Provision_PT_838_Security_Camera,kmeans,mirai.syn,mirai,4000,4000,1.0
Provision_PT_838_Security_Camera,kmeans,mirai.udp,mirai,4000,4000,1.0
Provision_PT_838_Security_Camera,kmeans,mirai.udpplain,mirai,4000,4000,1.0
Provision_PT_838_Security_Camera,kmeans,none,none,14100,150,0.010638297872340425
_pooled,autoencoder,gafgyt.combo,gafgyt,12000,11997,0.99975
_pooled,autoencoder,gafgyt.junk,gafgyt,12000,11996,0.9996666666666667
_pooled,autoencoder,gafgyt.scan,gafgyt,12000,11999,0.9999166666666667
_pooled,autoencoder,gafgyt.tcp,gafgyt,12000,4,0.0003333333333333333
_pooled,autoencoder,gafgyt.udp,gafgyt,12000,4,0.0003333333333333333
_pooled,autoencoder,mirai.ack,mirai,12000,11999,0.9999166666666667
_pooled,autoencoder,mirai.scan,mirai,12000,12000,1.0
_pooled,autoencoder,mirai.syn,mirai,12000,12000,1.0
_pooled,autoencoder,mirai.udp,mirai,12000,12000,1.0
_pooled,autoencoder,mirai.udpplain,mirai,12000,11999,0.9999166666666667
_pooled,autoencoder,none,none,44932,308,0.006854802813139856
_pooled,dbscan,gafgyt.combo,gafgyt,12000,12000,1.0
_pooled,dbscan,gafgyt.junk,gafgyt,12000,12000,1.0
_pooled,dbscan,gafgyt.scan,gafgyt,12000,11999,0.9999166666666667
_pooled,dbscan,gafgyt.tcp,gafgyt,12000,14,0.0011666666666666668
_pooled,dbscan,gafgyt.udp,gafgyt,12000,9,0.00075
_pooled,dbscan,mirai.ack,mirai,12000,11999,0.9999166666666667
_pooled,dbscan,mirai.scan,mirai,12000,12000,1.0
_pooled,dbscan,mirai.syn,mirai,12000,12000,1.0
_pooled,dbscan,mirai.udp,mirai,12000,12000,1.0
_pooled,dbscan,mirai.udpplain,mirai,12000,12000,1.0
_pooled,dbscan,none,none,44932,1817,0.040438885426867265
_pooled,kmeans,gafgyt.combo,gafgyt,12000,11998,0.9998333333333334
_pooled,kmeans,gafgyt.junk,gafgyt,12000,11997,0.99975
_pooled,kmeans,gafgyt.scan,gafgyt,12000,12000,1.0
_pooled,kmeans,gafgyt.tcp,gafgyt,12000,11990,0.9991666666666666
_pooled,kmeans,gafgyt.udp,gafgyt,12000,11994,0.9995
_pooled,kmeans,mirai.ack,mirai,12000,12000,1.0
_pooled,kmeans,mirai.scan,mirai,12000,12000,1.0
_pooled,kmeans,mirai.syn,mirai,12000,12000,1.0
_pooled,kmeans,mirai.udp,mirai,12000,12000,1.0
_pooled,kmeans,mirai.udpplain,mirai,12000,12000,1.0
_pooled,kmeans,none,none,44932,793,0.017648891658506187
