entry,model,test_rows,benign_rows,attack_rows,recovered_threshold,true_negatives,false_positives,false_negatives,true_positives,precision,recall,f1,false_positive_rate,roc_auc
Danmini_Doorbell,kmeans,46060,6060,40000,15.297762549168047,6012,48,0,40000,0.9988014382740711,1.0,0.9994003597841296,0.007920792079207921,0.9995712334983499
Danmini_Doorbell,dbscan,46060,6060,40000,2.0408408223902383,5863,197,0,40000,0.9950991367514989,1.0,0.9975435490105615,0.03250825082508251,0.9994393193069306
Danmini_Doorbell,autoencoder,46060,6060,40000,13.279174448936764,6051,9,7994,32006,0.9997188817741683,0.80015,0.8888703742275915,0.0014851485148514852,0.9994393399339934
Philips_B120N10_Baby_Monitor,kmeans,64772,24772,40000,19.355341340547522,24180,592,8,39992,0.9854129706288193,0.9998,0.9925543532214832,0.02389794929759406,0.9998507498385274
Philips_B120N10_Baby_Monitor,dbscan,64772,24772,40000,2.1856076623870666,23833,939,0,40000,0.9770634358435721,1.0,0.988398670603788,0.037905699983852736,0.9998251493621831
Philips_B120N10_Baby_Monitor,autoencoder,64772,24772,40000,0.8727722371740634,24473,299,6,39994,0.9925793562157198,0.99985,0.9962014123273512,0.012070079121588891,0.9997629965283386
Provision_PT_838_Security_Camera,kmeans,54100,14100,40000,10.22293611908724,13950,150,7,39993,0.9962633584933861,0.999825,0.9980410017094444,0.010638297872340425,0.9999255992907802
Provision_PT_838_Security_Camera,dbscan,54100,14100,40000,1.208465207163362,13789,311,7994,32006,0.9903765819847139,0.80015,0.8851583998230015,0.02205673758865248,0.9614228067375887
Provision_PT_838_Security_Camera,autoencoder,54100,14100,40000,0.41190692034478515,14060,40,7995,32005,0.9987517553440475,0.800125,0.8884724824762301,0.0028368794326241137,0.9979300053191489
_pooled,kmeans,164932,44932,120000,13.678013293545858,44139,793,21,119979,0.9934339085218428,0.999825,0.9966192082135796,0.017648891658506187,0.9995857454968989
_pooled,dbscan,164932,44932,120000,1.7878253942071927,43115,1817,23979,96021,0.9814284838201925,0.800175,0.881581725869683,0.040438885426867265,0.8151090258613016
_pooled,autoencoder,164932,44932,120000,1.1464336532076838,44624,308,24002,95998,0.996801860735572,0.7999833333333334,0.8876129187354951,0.006854802813139856,0.99289927334639
